{"cameraMode":{"drawMode":0,"name":"Shaded","section":"Shading Mode"},"sceneLighting":false,"audioPlay":false,"sceneViewState":{"showFog":true,"showMaterialUpdate":false,"showSkybox":true,"showFlares":true,"showImageEffects":true,"showParticleSystems":true},"in2DMode":false,"pivot":{"x":-2.2822446823120119,"y":0.17032171785831452,"z":3.088855266571045},"rotation":{"x":-0.1768358200788498,"y":0.7567305564880371,"z":-0.22814063727855683,"w":-0.5865491032600403},"size":2.336273431777954,"orthographic":false}