{"cameraMode":{"drawMode":0,"name":"Shaded","section":"Shading Mode"},"sceneLighting":false,"audioPlay":false,"sceneViewState":{"showFog":true,"showMaterialUpdate":false,"showSkybox":true,"showFlares":true,"showImageEffects":true,"showParticleSystems":true},"in2DMode":false,"pivot":{"x":-0.122406005859375,"y":0.9712046384811401,"z":0.9208660125732422},"rotation":{"x":-0.01596333459019661,"y":0.3131906986236572,"z":-0.005265359301120043,"w":-0.9495415091514587},"size":9.534656524658204,"orthographic":false}