{"cameraMode":{"drawMode":0,"name":"Shaded","section":"Shading Mode"},"sceneLighting":false,"audioPlay":false,"sceneViewState":{"showFog":true,"showMaterialUpdate":false,"showSkybox":true,"showFlares":true,"showImageEffects":true,"showParticleSystems":true},"in2DMode":false,"pivot":{"x":3.5159103870391847,"y":0.6262807846069336,"z":0.04640531539916992},"rotation":{"x":-0.2390996515750885,"y":-0.053278446197509769,"z":0.01314027514308691,"w":-0.9694432020187378},"size":3.6345651149749758,"orthographic":false}