{"cameraMode":{"drawMode":0,"name":"Shaded","section":"Shading Mode"},"sceneLighting":false,"audioPlay":false,"sceneViewState":{"showFog":true,"showMaterialUpdate":false,"showSkybox":true,"showFlares":true,"showImageEffects":true,"showParticleSystems":true},"in2DMode":false,"pivot":{"x":-0.0020526647567749025,"y":1.0697427988052369,"z":0.34928905963897707},"rotation":{"x":-0.2390996515750885,"y":-0.053278446197509769,"z":0.01314027514308691,"w":-0.9694432020187378},"size":7.742162704467773,"orthographic":false}