{"cameraMode":{"drawMode":0,"name":"Shaded","section":"Shading Mode"},"sceneLighting":false,"audioPlay":false,"sceneViewState":{"showFog":true,"showMaterialUpdate":false,"showSkybox":true,"showFlares":true,"showImageEffects":true,"showParticleSystems":true},"in2DMode":false,"pivot":{"x":17.530847549438478,"y":-18.73236846923828,"z":4.7304840087890629},"rotation":{"x":-0.261714369058609,"y":0.06941777467727661,"z":-0.018875950947403909,"w":-0.9624606370925903},"size":115.5410385131836,"orthographic":false}