{"cameraMode":{"drawMode":0,"name":"Shaded","section":"Shading Mode"},"sceneLighting":false,"audioPlay":false,"sceneViewState":{"showFog":true,"showMaterialUpdate":false,"showSkybox":true,"showFlares":true,"showImageEffects":true,"showParticleSystems":true},"in2DMode":false,"pivot":{"x":-1.4506808519363404,"y":1.6786909103393555,"z":0.8702535629272461},"rotation":{"x":0.016184784471988679,"y":-0.023397330194711686,"z":-0.0003789413021877408,"w":-0.9995951652526856},"size":9.534656524658204,"orthographic":false}