{"cameraMode":{"drawMode":0,"name":"Shaded","section":"Shading Mode"},"sceneLighting":false,"audioPlay":false,"sceneViewState":{"showFog":true,"showMaterialUpdate":false,"showSkybox":true,"showFlares":true,"showImageEffects":true,"showParticleSystems":true},"in2DMode":false,"pivot":{"x":0.11979757249355316,"y":-4.484959602355957,"z":-0.7842088937759399},"rotation":{"x":0.11688830703496933,"y":0.7235534191131592,"z":-0.6684293150901794,"w":0.1265299767255783},"size":9.619997024536133,"orthographic":false}