{"cameraMode":{"drawMode":0,"name":"Shaded","section":"Shading Mode"},"sceneLighting":false,"audioPlay":false,"sceneViewState":{"showFog":true,"showMaterialUpdate":false,"showSkybox":true,"showFlares":true,"showImageEffects":true,"showParticleSystems":true},"in2DMode":false,"pivot":{"x":1.7803146839141846,"y":0.7512787580490112,"z":5.892877578735352},"rotation":{"x":-0.011860867030918599,"y":-0.26758089661598208,"z":0.0032940078526735307,"w":-0.9634568095207214},"size":4.952691078186035,"orthographic":false}