{"cameraMode":{"drawMode":0,"name":"Shaded","section":"Shading Mode"},"sceneLighting":false,"audioPlay":false,"sceneViewState":{"showFog":true,"showMaterialUpdate":false,"showSkybox":true,"showFlares":true,"showImageEffects":true,"showParticleSystems":true},"in2DMode":false,"pivot":{"x":-2.384185791015625e-7,"y":1.0000004768371583,"z":1.7881393432617188e-7},"rotation":{"x":-0.1768358200788498,"y":0.7567305564880371,"z":-0.22814063727855683,"w":-0.5865491032600403},"size":2.8578836917877199,"orthographic":false}