{"cameraMode":{"drawMode":0,"name":"Shaded","section":"Shading Mode"},"sceneLighting":false,"audioPlay":false,"sceneViewState":{"showFog":true,"showMaterialUpdate":false,"showSkybox":true,"showFlares":true,"showImageEffects":true,"showParticleSystems":true},"in2DMode":false,"pivot":{"x":-2.9802322387695315e-8,"y":1.0499999523162842,"z":0.0},"rotation":{"x":-0.026668960228562356,"y":0.9567365646362305,"z":-0.2744065523147583,"w":-0.09297878295183182},"size":3.656156063079834,"orthographic":false}