{"cameraMode":{"drawMode":0,"name":"Shaded","section":"Shading Mode"},"sceneLighting":false,"audioPlay":false,"sceneViewState":{"showFog":true,"showMaterialUpdate":false,"showSkybox":true,"showFlares":true,"showImageEffects":true,"showParticleSystems":true},"in2DMode":false,"pivot":{"x":0.6095265746116638,"y":-4.036550521850586,"z":-4.051774501800537},"rotation":{"x":0.023881135508418084,"y":0.9034046530723572,"z":-0.4251043498516083,"w":0.05075402557849884},"size":9.619997024536133,"orthographic":false}